url,label
https://google.com,good
https://github.com,good
https://wikipedia.org,good
https://amazon.com,good
https://microsoft.com,good
https://apple.com,good
https://linkedin.com,good
https://twitter.com,good
https://facebook.com,good
https://youtube.com,good
https://stackoverlow.com,good
https://reddit.com,good
https://netflix.com,good
http://paypa1-security-login-verify.com,bad
http://amaz0n-prime-reward-claim.net/auth.php,bad
http://g00gle-account-recovery-security-update.xyz,bad
http://192.168.1.1/login.php,bad
http://bankofamerica-verify-credential-login.info,bad
http://apple-id-verify-account-locked.click,bad
http://netflix-billing-update-required.online,bad
http://crypto-wallet-free-airdrop-claim.tk,bad
http://m1crosoft-365-security-alert.xyz,bad
http://faceb00k-friend-request-verify.site,bad
http://paypal-account-suspended-verify.click,bad
http://secure-banking-login-auth.top,bad
